,x,y,z,xp2,yp2,zp2,dist
0,0.001140754,0.012591803,0.098380009,0.082134316,0.906609798,7.083360664,
1,0.061468622,0.061519918,0.056175581,4.425740802,4.429434121,4.044641867,6.36482682
2,0.063948074,0.089539814,0.058649713,4.604261341,6.446866642,4.222779353,2.033134654
3,0.039762951,0.103783444,0.087179111,2.862932487,7.472407992,6.276895957,2.881554488
4,0.076,0.108998318,0.099646087,5.472,7.847878875,7.174518268,2.784589285
5,0.123304074,0.114126115,0.089,8.877893349,8.217080305,6.408,3.510551161
6,0.190710455,0.146650879,0.083014368,13.73115276,10.55886332,5.977034501,5.405904722
7,0.153360719,0.153360719,0.077443739,11.04197178,11.04197178,5.575949178,2.761513638
8,0.21252154,0.178571815,0.072260187,15.30155089,12.85717065,5.202733478,4.645239619
9,0.197295594,0.215178599,0.063735251,14.20528278,15.4928591,4.588938062,2.919829136
10,0.178734044,0.235707716,0.069,12.86885117,16.97095552,4.968,2.028424616
11,0.195982482,0.223504574,0.07497544,14.11073872,16.09232936,5.398231673,1.580938932
12,0.160691772,0.252042412,0.056961682,11.56980758,18.1470537,4.101241129,3.515737139
13,0.144011737,0.210017971,0.107016023,10.3688451,15.12129391,7.705153624,4.856512993
14,0.122307774,0.264866783,0.101597415,8.806159738,19.07040838,7.31501387,4.264938409
15,0.084867165,0.21,0.087556113,6.110435865,15.12,6.304040141,4.888222727
16,0.067,0.16,0.103014492,4.824,11.52,7.417043412,3.98166969
17,0.06689488,0.114594354,0.087546741,4.816431336,8.250793452,6.303365364,3.453700556
18,0.042047744,0.11,0.078780184,3.027437534,7.92,5.672173243,1.925701593
19,0.080372341,0.133050313,0.102943649,5.786808576,9.579622539,7.411942697,3.659955366
20,0.014363183,0.103517003,0.085153349,1.034149208,7.45322421,6.131041133,5.361907286
21,0.018405682,0.030931743,0.080495402,1.325209134,2.227085519,5.795668934,5.244970545
22,-0.01904749,0.079073992,0.046379612,-1.371419292,5.693327433,3.339332097,5.031920959
23,-0.034,0.112142126,0.08839363,-2.448,8.074233076,6.364341325,3.997301406
24,-0.034,0.122421788,0.092217452,-2.448,8.814368741,6.639656526,0.789683014
25,-0.045124699,0.070425922,0.052500859,-3.248978341,5.070666393,3.780061825,4.77850975
26,-0.044207687,0.148731753,0.056334496,-3.182953472,10.70868624,4.056083721,5.645158562
27,-0.052724936,0.227037585,0.083146364,-3.796195382,16.34670609,5.986538195,5.990825313
28,-0.056707331,0.245,0.054769926,-4.082927819,17.64,3.943434662,2.43497365
29,-0.094174477,0.260503776,0.077792045,-6.780562359,18.75627184,5.601027212,3.357217298
30,-0.116372534,0.288792523,0.075,-8.378822413,20.79306166,5.4,2.596798013
31,-0.124768015,0.246955676,0.072941176,-8.983297102,17.78080867,5.251764677,3.075878969
32,-0.137517773,0.241065182,0.063822309,-9.901279632,17.35669311,4.595206252,1.205667823
33,-0.125,0.19354203,0.05,-9,13.93502616,3.6,3.675669347
34,-0.11595311,0.2,0.037704421,-8.348623915,14.4,2.714718308,1.193404854
35,-0.195415995,0.2,0.040502918,-14.06995168,14.4,2.916210081,5.724874695
36,-0.187996412,0.205099331,0.037515792,-13.53574166,14.76715183,2.701137057,0.682962086
37,-0.148,0.188500239,0.03660824,-10.656,13.57201721,2.635793312,3.118577978
38,-0.137,0.141764104,0.04437867,-9.864,10.20701546,3.195264259,3.501929253
39,-0.09205125,0.114598237,0.070464828,-6.627689988,8.251073075,5.073467591,4.222210426
40,-0.14476991,0.102911756,0.067772863,-10.42343354,7.409646407,4.879646171,3.892715596
41,-0.09,0.091225274,0.080635061,-6.48,6.568219739,5.805724406,4.137183564
42,-0.039392214,0.072613533,0.097610068,-2.836239397,5.228174408,7.027924921,4.070194948
43,-0.038284093,0.02930482,0.053616194,-2.756454663,2.109947015,3.860365959,4.445575043
44,-0.038480246,-0.038480246,0.061039898,-2.770577707,-2.770577707,4.394872647,4.909726919
45,-0.044718068,-0.033948246,0.046494452,-3.219700929,-2.444273709,3.347600523,1.18531214
46,-0.093192283,-0.029416246,0.036359787,-6.709844362,-2.11796971,2.617904654,3.580507163
47,-0.142299962,0.0001,0.045592497,-10.24559725,0.0072,3.282659778,4.178491849
48,-0.143075833,0.038740089,0.070574172,-10.30145996,2.789286427,5.081340362,3.313363452
49,-0.066314818,0.06095969,0.06,-4.77466688,4.389097701,4.32,5.803832957
50,-0.099336378,0.020324205,0.043314323,-7.152219194,1.463342727,3.118631274,3.95677697
51,-0.15,-0.020191412,0.063749892,-10.8,-1.453781659,4.58999225,4.897021811
52,-0.135476401,-0.02477846,0.081936947,-9.754300859,-1.784049138,5.899460194,1.708001639
53,-0.18,0.046068237,0.07,-12.96,3.316913083,5.04,6.085638371
54,-0.2,0.002432893,0.05625858,-14.4,0.175168263,4.050617729,3.594862694
55,-0.147561073,-0.022353774,0.056,-10.62439725,-1.609471705,4.032,4.176177983
56,-0.237536113,-0.042919489,0.056193508,-17.10260014,-3.090203206,4.04593256,6.645289499
57,-0.191488263,-0.060076273,0.099050301,-13.78715494,-4.325491689,7.131621665,4.694634359
58,-0.212482712,-0.09832866,0.070202335,-15.29875526,-7.079663529,5.054568121,3.76623811
59,-0.256624725,-0.143537564,0.057182907,-18.47698023,-10.33470458,4.11716928,4.64490288
60,-0.269575242,-0.161136157,0.031992433,-19.40941744,-11.6018033,2.303455158,2.400945073
61,-0.245483553,-0.205874354,0.042080384,-17.67481582,-14.8229535,3.029787613,3.729907532
62,-0.225223714,-0.199394946,0.064237798,-16.21610744,-14.35643609,4.625121476,2.211460773
63,-0.198939043,-0.18321252,0.053534919,-14.32361107,-13.19130147,3.854514167,2.352215306
64,-0.176545063,-0.158405885,0.068989352,-12.71124451,-11.40522372,4.967233345,2.651026897
65,-0.18511976,-0.119044473,0.08079333,-13.32862275,-8.571202085,5.817119775,3.022439654
66,-0.149371525,-0.101717402,0.056923886,-10.75474981,-7.323652933,4.098519759,3.336882802
67,-0.103585063,-0.069560406,0.110325788,-7.458124538,-5.008349241,7.943456723,5.568833774
68,-0.103024111,-0.021566774,0.0894117,-7.417736019,-1.552807702,6.437642421,3.769598821
69,-0.028244278,-0.015324102,0.08195811,-2.033588001,-1.103335312,5.900983884,5.429463851
70,-0.052164845,-0.076710926,0.041133111,-3.755868873,-5.523186644,2.961583994,5.580448809
71,-0.074806803,-0.104820238,0.042312586,-5.386089815,-7.547057133,3.046506169,2.600169966
72,-0.087547017,-0.120590184,0.063209941,-6.30338521,-8.682493232,4.551115741,2.096305307
73,-0.072941956,-0.169316917,0.132196167,-5.251820837,-12.19081805,9.518124052,6.171329047
74,-0.132029316,-0.178,0.079248818,-9.506110719,-12.816,5.705914865,5.746544506
75,-0.088076702,-0.22,0.137674084,-6.341522576,-15.84,9.912534078,6.070818669
76,-0.1127127,-0.26735208,0.082248741,-8.115314381,-19.24934975,5.921909366,5.540314855
77,-0.056981431,-0.263193302,0.07827791,-4.102663048,-18.94991771,5.636009506,4.033952033
78,-0.03578186,-0.212169709,0.09117905,-2.576293911,-15.27621905,6.564891581,4.085178881
79,-0.01453432,-0.259555752,0.022621371,-1.046471071,-18.68801417,1.628738707,6.19243967
80,0.007751431,-0.219351031,0.066295499,0.558103015,-15.79327426,4.773275915,4.56533585
81,0.050631931,-0.241310013,0.042504556,3.645499048,-17.37432094,3.060328059,3.86858026
82,0.074516535,-0.268449213,0.060323949,5.365190536,-19.32834337,4.343324325,2.902003082
83,0.097416889,-0.241483715,0.069117865,7.014015983,-17.38682749,4.976486299,2.624691095
84,0.087768197,-0.267822132,0.052698665,6.319310158,-19.28319354,3.794303856,2.340165741
85,0.121825209,-0.24715076,0.05361092,8.771415047,-17.79485471,3.859986227,2.869195884
86,0.12390602,-0.217582912,0.024370967,8.921233465,-15.66596966,1.754709652,2.997796954
87,0.059024971,-0.183204763,0.06,4.2497979,-13.19074291,4.32,5.876203896
88,0.08025698,-0.152622792,0.042761076,5.778502572,-10.98884102,3.078797453,2.953962371
89,0.043694288,-0.144424134,0.089382079,3.145988741,-10.39853766,6.435509705,4.306518811
90,0.036435459,-0.098909199,0.065439851,2.623353038,-7.121462296,4.711669297,3.73951825
91,0.00503781,-0.056584548,0.093458353,0.362722354,-4.074087455,6.72900145,4.297275128
92,-0.018556534,-0.0495677,0.070857589,-1.336070479,-3.568874392,5.101746437,2.406054074
93,0.06,-0.023706306,0.100157559,4.32,-1.70685402,7.21134427,6.317329827
94,0.098222772,-0.0297891,0.092554016,7.072039608,-2.144815196,6.663889168,2.839936458
95,0.135684048,-0.075055843,0.107844812,9.769251461,-5.404020721,7.764826479,4.37143402
96,0.154418391,-0.12796961,0.076639797,11.11812417,-9.213811944,5.518065361,4.624056908
97,0.201727435,-0.132723564,0.107574865,14.52437531,-9.556096593,7.745390265,4.084199038
98,0.161631034,-0.135,0.117,11.63743444,-9.72,8.424,2.970152024
99,0.182845861,-0.131458724,0.117937881,13.16490198,-9.465028101,8.491527467,1.55007345
100,0.19,-0.075334319,0.109999326,13.68,-5.424070937,7.91995148,4.113558057
101,0.192173466,-0.103364428,0.093869181,13.83648955,-7.442238833,6.758581053,2.333724899
102,0.221919158,-0.085006464,0.060973131,15.97817936,-6.120465379,4.390065465,3.455978357
103,0.258273067,-0.056906157,0.058378707,18.59566084,-4.097243301,4.203266897,3.313537468
104,0.282335341,-0.051190533,0.055946299,20.32814455,-3.685718408,4.028133504,1.789280379
105,0.267153239,-0.042641659,0.076133184,19.23503318,-3.07019945,5.481589239,1.919971262
106,0.242849269,-0.046381403,0.084487249,17.48514736,-3.339461014,6.083081899,1.869865127
107,0.204671167,0.007192729,0.112545463,14.73632403,0.517876457,8.103273324,5.149393697
108,0.224445944,0.065048691,0.081716955,16.16010795,4.683505729,5.883620777,4.930160779
109,0.165490376,0.032907491,0.07444272,11.91530706,2.369339352,5.359875876,4.862921893
110,0.119613712,0.038536996,0.114935641,8.612187279,2.774663725,8.275366163,4.424361166
111,0.098431422,0.004912634,0.045410666,7.087062351,0.353709634,3.269567925,5.765851261
112,0.012205112,-0.013263704,0.044459579,0.878768039,-0.954986676,3.201089672,6.345099964
113,0.035888997,0.017911693,0.066185276,2.584007809,1.28964193,4.765339857,3.223829848
114,0.078733946,0.036204236,0.099722515,5.668844109,2.606705002,7.180021093,4.132983863
115,0.059163915,0.046779826,0.163001722,4.259801871,3.368147486,11.73612397,4.829416949
116,0.086532714,0.035786491,0.148165528,6.230355401,2.576627374,10.66791798,2.377109446
117,0.118986793,0.064744343,0.157660662,8.567049114,4.661592696,11.35156768,3.205400881
118,0.164301198,0.053941069,0.164525011,11.82968627,3.883756949,11.84580081,3.390294394
119,0.18,0.087976897,0.164,12.96,6.334336561,11.808,2.698958772
120,0.233070698,0.074289994,0.155623558,16.78109027,5.348879559,11.20489617,3.991940703
121,0.196631361,0.098126074,0.199481856,14.15745798,7.065077318,14.3626936,4.449771429
122,0.202860557,0.136651706,0.168903562,14.6059601,9.838922841,12.1610565,3.569674926
123,0.117,0.140374249,0.151967682,8.424,10.10694592,10.94167309,6.3067712
124,0.179090091,0.212030205,0.167905987,12.89448652,15.26617478,12.08923105,6.922411532
125,0.120640303,0.16388011,0.20736384,8.686101838,11.79936794,14.93019645,6.148197757
126,0.145094562,0.225793669,0.15435655,10.44680846,16.2571442,11.11367163,6.126803298
127,0.119514131,0.2,0.145941331,8.605017428,14.4,10.50777583,2.684825598
128,0.061809798,0.159683759,0.123662816,4.450305445,11.49723063,8.90372273,5.316078257
129,0.061841418,0.199001246,0.136911301,4.452582084,14.32808968,9.857613641,2.987252255
130,0.112242876,0.177866921,0.183152995,8.081487092,12.80641833,13.18701568,5.154546845
131,0.051617827,0.118269515,0.183669799,3.716483538,8.515405086,13.22422555,6.121064877
132,-0.023350745,0.117422005,0.125837416,-1.68125362,8.454384342,9.060293968,6.817449387
133,0.02482968,0.129281683,0.122553376,1.787736936,9.308281207,8.823843087,3.580355339
134,0.030880885,0.069071394,0.106305191,2.223423706,4.973140365,7.653973776,4.511303945
135,-0.00499931,0.044283442,0.101503581,-0.359950316,3.188407857,7.308257819,3.15889395
136,-0.023331642,0.023904793,0.117354409,-1.679878232,1.721145127,8.449517414,2.279812073
137,-0.013746231,0.070922473,0.12457339,-0.989728628,5.106418087,8.969284077,3.493785465
138,-0.04462271,0.06698189,0.129532735,-3.212835106,4.822696049,9.3263569,2.269405563
139,-0.02661531,0.119015401,0.147303048,-1.916302352,8.569108855,10.60581944,4.165768895
140,-0.066829294,0.112926143,0.163766902,-4.811709204,8.130682332,11.79121691,3.159235005
141,-0.050234049,0.114758927,0.133576444,-3.616851549,8.262642731,9.617503992,2.483973879
142,-0.054650225,0.16,0.149237629,-3.934816185,11.52,10.74510931,3.461642912
143,-0.097866126,0.218927108,0.184770325,-7.046361074,15.7627518,13.30346341,5.85045555
144,-0.077144516,0.239281699,0.106655997,-5.554405155,17.22828232,7.679231762,6.000474468
145,-0.073319,0.294995161,0.124418329,-5.278968015,21.23965161,8.958119714,4.219301313
146,-0.06186584,0.266886242,0.102662677,-4.45434047,19.21580942,7.391712763,2.688787555
147,-0.126027747,0.278714745,0.129499863,-9.073997805,20.06746164,9.32399011,5.079393776
148,-0.123687503,0.223699336,0.142907995,-8.905500234,16.10635223,10.28937565,4.080532863
149,-0.110310662,0.227585888,0.154504922,-7.942367672,16.38618394,11.12435439,1.30503625
150,-0.144088235,0.2,0.127522885,-10.3743529,14.4,9.181647691,3.692368903
151,-0.150812882,0.180985537,0.08396381,-10.85852754,13.0309587,6.04539432,3.456122738
152,-0.169803947,0.180152718,0.101637882,-12.22588418,12.97099569,7.317927488,1.868850026
153,-0.210535458,0.160315953,0.112660778,-15.15855298,11.54274863,8.111576039,3.357128828
154,-0.212459598,0.159813529,0.112060202,-15.29709105,11.50657411,8.06833453,0.149570116
155,-0.252264031,0.133455555,0.172275934,-18.16301024,9.608799986,12.40386724,5.532800676
156,-0.191014745,0.086653697,0.153561387,-13.7530616,6.239066176,11.0564199,5.711249186
157,-0.148168601,0.105201914,0.17,-10.66813927,7.574537786,12.24,3.563859154
158,-0.071256562,0.068360845,0.136324357,-5.130472464,4.92198086,9.815353675,6.601569642
159,-0.127152326,0.05,0.160712144,-9.154967444,3.6,11.57127435,4.585569829
160,-0.065355572,0.036753085,0.144448261,-4.705601151,2.646222129,10.40027477,4.698701167
161,-0.010044227,0.02456732,0.149674531,-0.723184372,1.768847019,10.77656627,4.095244287
162,-0.073941049,0.061953401,0.114527347,-5.32375554,4.460644901,8.24596898,5.900419776
163,-0.074956312,-0.000437804,0.121554101,-5.396854468,-0.031521889,8.751895238,4.521157739
164,-0.098119614,0.029176904,0.15868668,-7.064612236,2.100737124,11.42544098,3.804706465
165,-0.084172401,-0.022170686,0.172970719,-6.060412861,-1.596289387,12.45389177,3.966627337
166,-0.155548776,-0.005358014,0.167993029,-11.19951187,-0.385777005,12.0954981,5.291892374
167,-0.155,-0.075935705,0.176563218,-11.16,-5.467370768,12.7125517,5.119073306
168,-0.175940328,-0.053422324,0.199014414,-12.66770362,-3.846407319,14.32903779,2.741116558
169,-0.213589067,0.002351687,0.161835933,-15.37841284,0.169321497,11.65218715,5.535300514
170,-0.247308112,-0.017567622,0.160123691,-17.80618409,-1.264868803,11.52890578,2.822441023
171,-0.246748815,-0.069697125,0.202222193,-17.76591466,-5.018193035,14.55999787,4.824581195
172,-0.232132818,-0.08889525,0.170208768,-16.71356288,-6.400458031,12.25503133,2.886342245
173,-0.174161943,-0.108055697,0.184238598,-12.5396599,-7.780010163,13.26517905,4.510546368
174,-0.184529883,-0.157499643,0.167724962,-13.28615157,-11.3399743,12.07619727,3.826783519
175,-0.155,-0.164540517,0.17927968,-11.16,-11.84691719,12.90813698,2.338725138
176,-0.132974786,-0.128648307,0.242050083,-9.574184579,-9.262678077,17.42760601,5.442306739
177,-0.122173119,-0.216683958,0.225426228,-8.796464555,-15.60124497,16.23068845,6.497298698
178,-0.174617766,-0.221347422,0.187441439,-12.57247914,-15.93701435,13.49578362,4.674476615
179,-0.142832621,-0.227905587,0.183655122,-10.28394871,-16.40920229,13.22316881,2.352584073
180,-0.122163205,-0.210583457,0.150131076,-8.795750778,-15.16200887,10.80943747,3.097793326
181,-0.0736439,-0.153420725,0.201366857,-5.302360796,-11.04629221,14.49841372,6.538458761
182,-0.064590113,-0.143570671,0.150464477,-4.650488151,-10.33708831,10.83344236,3.789448933
183,-0.06118993,-0.111800029,0.14916882,-4.405674979,-8.049602083,10.74015507,2.302439843
184,-0.068267957,-0.065955189,0.161948654,-4.915292874,-4.748773621,11.66030309,3.464368818
185,-0.040189332,-0.01540597,0.131544839,-2.893631894,-1.109229858,9.471228405,4.703768689
186,-0.005005954,-0.024544186,0.126808716,-0.360428689,-1.767181383,9.13022754,2.639374979
187,0.041613062,-0.034458177,0.139747021,2.996140497,-2.480988712,10.06178549,3.555823085
188,0.004905284,-0.047803816,0.178249867,0.353180467,-3.441874763,12.83399045,3.948880866
189,0.045644593,-0.117027282,0.138190789,3.286410698,-8.425964303,9.949736814,6.462500071
190,0.050442581,-0.141186569,0.200104784,3.63186585,-10.16543298,14.40754446,4.797618106
191,0.087077801,-0.194256504,0.15258706,6.269601701,-13.98646831,10.98626831,5.767416398
192,0.054594707,-0.191625231,0.206484351,3.930818907,-13.79701662,14.86687325,4.534852982
193,0.074768341,-0.239123835,0.151936276,5.383320564,-17.21691611,10.93941186,5.406517045
194,0.081757693,-0.231313874,0.118956299,5.886553928,-16.65459892,8.564853526,2.491580166
195,0.102118121,-0.199618681,0.101522607,7.352504738,-14.37254502,7.309627719,2.988707679
196,0.115,-0.178538375,0.084596984,8.28,-12.85476299,6.090982882,2.156155147
197,0.125,-0.134591743,0.078779531,9,-9.690605521,5.672126213,3.271961701
198,0.135589642,-0.077873875,0.115216279,9.762454248,-5.606918976,8.295572115,4.913277997
199,0.130058323,-0.101381154,0.156875777,9.364199268,-7.299443086,11.29505594,3.467008523
200,0.148326641,-0.009524068,0.173361866,10.67951813,-0.685732904,12.48205432,6.846911072
201,0.171066777,-0.07143111,0.203999721,12.31680796,-5.143039952,14.68797993,5.235877379
202,0.165578104,-0.115495729,0.18741055,11.92162346,-8.315692516,13.49355963,3.41299501
203,0.20013394,-0.08421267,0.158310264,14.40964367,-6.063312264,11.39833903,3.956439145
204,0.143114466,-0.07965639,0.184690174,10.30424153,-5.735260092,13.29769256,4.535359829
205,0.12359578,-0.043305668,0.171646654,8.898896191,-3.11800808,12.35855911,3.11560191
206,0.10914144,-0.024248258,0.154994339,7.858183663,-1.745874583,11.15959237,2.098417053
207,0.089499498,-0.039326451,0.131378169,6.443963837,-2.831504488,9.459228153,2.463706251
208,0.044815201,-0.008234013,0.129702835,3.226694489,-0.592848923,9.338604109,3.921345554
209,0.080660052,0.026269935,0.165248766,5.807523714,1.89143529,11.89791117,4.402544739
210,0.041162612,0.01566035,0.181744883,2.963708042,1.127545176,13.08563159,3.175137079
211,0.043762142,0.008336181,0.226911848,3.150874232,0.600205008,16.33765304,3.299812476
212,0.07,-0.018867833,0.23538158,5.04,-1.358483978,16.94747376,2.788752413
213,0.105272324,-0.007259582,0.279837132,7.579607301,-0.522689891,20.14827349,4.17052466
214,0.148363603,0.007738713,0.262136578,10.68217944,0.557187351,18.87383359,3.52367504
215,0.19,-0.027443443,0.285796123,13.68,-1.97592788,20.57732085,4.278489186
216,0.220124885,-0.016512373,0.258307768,15.84899174,-1.188890889,18.59815931,3.039906706
217,0.196631361,0.021054708,0.231329241,14.15745799,1.515938981,16.65570536,3.735039281
218,0.178977341,0.053700223,0.220570999,12.88636855,3.866416048,15.88111192,2.782158479
219,0.159972086,0.095068376,0.216134878,11.51799022,6.844923083,15.5617112,3.293323582
220,0.145052598,0.110288901,0.252046723,10.44378704,7.940800867,18.14736404,3.006735974
221,0.193713255,0.104,0.262905851,13.94735433,7.488,18.92922124,3.618191968
222,0.12702502,0.094,0.224692787,9.145801443,6.768,16.17788066,5.580607955
223,0.125522976,0.08015029,0.254613596,9.037654243,5.770820862,18.33217893,2.376355
224,0.094787308,0.06686297,0.251208437,6.824686148,4.814133845,18.08700743,2.423342094
225,0.076552831,0.098845224,0.194527259,5.511803866,7.116856103,14.00596261,4.866324743
226,0.048167537,0.055173254,0.232674381,3.468062666,3.972474293,16.75255544,4.648417712
227,0.012766813,0.06,0.230110504,0.919210556,4.32,16.56795626,2.579049836
228,0.025048839,0.083889625,0.19141527,1.803516434,6.040053004,13.78189942,3.39156187
229,-0.027165699,0.104753847,0.205979527,-1.95593031,7.542276948,14.83052591,4.182072945
230,0.017302528,0.125,0.177933256,1.245782001,9,12.81119446,4.056305922
231,0.002441827,0.154721751,0.19063447,0.175811572,11.13996604,13.72568185,2.56136264
232,0.026081882,0.164136297,0.244980254,1.877895539,11.81781341,17.63857828,4.320570031
233,0.069560869,0.202438776,0.222589664,5.008382589,14.5755919,16.02645578,4.472608894
234,0.06127683,0.216510541,0.232469861,4.411931737,15.58875892,16.73783002,1.374159508
235,0.070250727,0.250535089,0.209432766,5.058052358,18.0385264,15.07915913,3.028204362
236,0.015946233,0.251787777,0.200748613,1.148128754,18.12871994,14.45390011,3.960629536
237,-0.010230168,0.235787878,0.199353179,-0.736572083,16.97672721,14.35342888,2.211171402
238,-0.023326455,0.236,0.236754106,-1.679504767,16.992,17.04629566,2.853223928
239,-0.061196373,0.235585306,0.200960885,-4.406138831,16.96214206,14.46918374,3.751923594
240,-0.082067715,0.205635615,0.19871993,-5.908875515,14.80576425,14.30783498,2.633290007
241,-0.097964183,0.2,0.219346258,-7.053421178,14.4,15.79293057,1.918368663
242,-0.146826865,0.199022619,0.198620552,-10.57153431,14.32962858,14.30067975,3.82215707
243,-0.154292291,0.150620387,0.245583785,-11.10904496,10.8446679,17.6820325,4.885428855
244,-0.146397977,0.157715834,0.251720475,-10.54065437,11.35554003,18.12387419,0.88276966
245,-0.072168319,0.135,0.247601398,-5.196118963,9.72,17.82730068,5.597053313
246,-0.04,0.111443935,0.203730761,-2.88,8.023963298,14.66861479,4.268283506
247,-0.04,0.079143331,0.197613499,-2.88,5.698319863,14.22817193,2.366982741
248,-0.001367874,0.063086789,0.23132868,-0.098486899,4.542248824,16.65566497,3.868596366
249,-0.007069787,0.022562206,0.187365338,-0.509024636,1.624478809,13.4903043,4.324515148
250,-0.079817114,0.035419055,0.201364931,-5.746832196,2.550171956,14.49827501,5.413643947
251,-0.11882149,0.011336367,0.208873467,-8.55514725,0.816218432,15.03888966,3.344471927
252,-0.124124613,0.008781561,0.254239665,-8.936972172,0.632272401,18.30525588,3.293747823
253,-0.180207912,0.031659983,0.261804481,-12.97496967,2.279518783,18.84992261,4.394940987
254,-0.230452799,0.080438162,0.231774994,-16.59260154,5.791547678,16.68779954,5.486017089
255,-0.243642313,0.030811464,0.221802818,-17.54224657,2.218425387,15.96980293,3.766237871
256,-0.20888423,0.01158156,0.186906838,-15.03966455,0.833872289,13.45729236,3.806916524
257,-0.195557704,-0.028877475,0.198489369,-14.08015469,-2.079178198,14.29123458,3.178361517
258,-0.195922735,-0.071685933,0.203070192,-14.10643694,-5.16138721,14.62105383,3.099916756
259,-0.157305273,-0.110058281,0.238584275,-11.32597962,-7.924196256,17.17806779,4.679997552
260,-0.196237613,-0.141696001,0.263803846,-14.12910813,-10.20211207,18.99387688,4.042720933
261,-0.133265845,-0.136719258,0.241047109,-9.595140867,-9.843786575,17.35539185,4.834241355
262,-0.115,-0.096945256,0.26856343,-8.28,-6.980058459,19.33656693,3.72230962
263,-0.100611911,-0.0825,0.240002648,-7.244057607,-5.94,17.28019066,2.526575073
264,-0.074902648,-0.069492419,0.251200884,-5.392990632,-5.003454198,18.08646362,2.225678117
265,-0.041138731,-0.076631737,0.18624256,-2.961988599,-5.51748505,13.40946428,5.2960666
266,-0.071571495,-0.078908053,0.217047417,-5.153147614,-5.681379834,15.62741405,3.122073107
267,-0.033792701,-0.105462898,0.216876616,-2.433074501,-7.593328653,15.61511636,3.324830411
268,-0.031,-0.163685266,0.20136229,-2.232,-11.78533915,14.49808486,4.342941673
269,-0.030600844,-0.214120035,0.244014787,-2.203260755,-15.41664252,17.56906467,4.755849773
270,0.012615446,-0.235579312,0.219797492,0.908312144,-16.96171045,15.82541941,3.887083694
271,0.042643158,-0.189849606,0.206173827,3.070307348,-13.66917165,14.84451551,4.059212663
272,0.082677854,-0.192336857,0.216974459,5.9528055,-13.84825371,15.62216103,2.990919346
273,0.119783507,-0.190429077,0.230494737,8.624412508,-13.71089353,16.59562105,2.846748361
274,0.146889105,-0.188991695,0.249541161,10.57601556,-13.60740207,17.96696362,2.387476788
275,0.111,-0.138279421,0.264,7.992,-9.956118294,19.008,4.592686184
276,0.082670257,-0.09,0.264,5.952258526,-6.48,19.008,4.03037761
277,0.045908381,-0.07273823,0.263038604,3.305403439,-5.237152549,18.93877949,2.924944977
278,0.025343629,-0.060965033,0.241015233,1.824741259,-4.389482347,17.35309676,2.329226262
279,-0.017866029,-0.006809661,0.202725095,-1.286354082,-0.490295612,14.59620683,5.699387117
280,0.008810691,-0.016230107,0.249090895,0.634369722,-1.168567738,17.93454446,3.910720029
281,0.026102987,0.001447201,0.287176379,1.879415076,0.104198437,20.67669928,3.26947774
282,0.06,-0.00941967,0.306511611,4.32,-0.678216275,22.06883597,2.916619981
283,0.100202183,-0.039803746,0.323203981,7.214557174,-2.865869709,23.27068661,3.822137326
284,0.113714237,-0.07986471,0.307223224,8.187425047,-5.750259097,22.12007211,3.254241501
285,0.157045313,-0.083299561,0.355899132,11.30726257,-5.997568382,25.62473752,4.698641045
286,0.175300264,-0.124795519,0.311387811,12.62161899,-8.985277391,22.41992239,4.574360932
287,0.16393137,-0.064933706,0.316091059,11.8030586,-4.675226835,22.75855625,4.400142019
288,0.163989715,-0.060528008,0.307554084,11.8072595,-4.358016607,22.14389407,0.691700489
289,0.174966832,-0.005252667,0.29633351,12.59761191,-0.378192025,21.33601274,4.137189008
290,0.157568372,0.02925497,0.303015774,11.34492275,2.106357868,21.81713576,2.823773657
291,0.178575752,0.063580839,0.34277369,12.85745413,4.577820394,24.67970568,4.073105047
292,0.123658946,0.085381484,0.309063938,8.903444126,6.147466861,22.25260353,4.897837277
293,0.08960322,0.055853993,0.307185422,6.45143183,4.021487476,22.11735037,3.248145019
294,0.033355069,0.012020373,0.30427482,2.401564964,0.865466862,21.90778703,5.138657854
295,0.054726796,0.049194691,0.289102377,3.940329317,3.542017773,20.81537113,3.274918778
296,0.024410264,0.006567914,0.281611074,1.757539016,0.472889819,20.27599732,3.804608258
297,0.042372422,0.079555081,0.290638088,3.050814398,5.727965828,20.92594235,5.450762663
298,0.011371261,0.030703329,0.297732264,0.818730806,2.210639678,21.43672299,4.196984307
299,0.017664325,0.111062334,0.298363563,1.271831426,7.996488072,21.48217653,5.803740849
300,0.031991161,0.140586634,0.344716934,2.303363611,10.12223762,24.81961927,4.089180089
301,0.086856256,0.15637238,0.353138005,6.253650412,11.25881135,25.42593634,4.155019379
302,0.042444854,0.123835963,0.332270713,3.056029463,8.916189358,23.92349134,4.239103503
303,0.040923089,0.180704987,0.280903247,2.946462399,13.01075907,20.22503375,5.518704066
304,0.000222691,0.195835255,0.251230351,0.016033743,14.10013836,18.08858529,3.786630608
305,-0.018606827,0.215526047,0.271661259,-1.339691546,15.51787541,19.55961063,2.451914542
306,-0.060155013,0.211834714,0.29482928,-4.331160946,15.25209943,21.22770813,3.43541487
307,-0.08842581,0.19,0.305356724,-6.366658295,13.68,21.98568412,2.681282096
308,-0.092026235,0.162687298,0.297748763,-6.625888892,11.71348543,21.43791097,2.057774404
309,-0.08504491,0.114038548,0.293,-6.123233499,8.21077547,21.096,3.555072796
310,-0.069919802,0.118854191,0.288228624,-5.03422572,8.557501774,20.75246092,1.193388526
311,-0.019184436,0.077,0.285709973,-1.381279416,5.544,20.57111802,4.738997245
312,0.006130143,0.039960021,0.287730363,0.441370308,2.877121534,20.71658613,3.233489406
313,-0.074629478,0.063740955,0.271027938,-5.373322403,4.589348764,19.51401154,6.179689236
314,-0.06996006,-0.006668487,0.290048324,-5.037124308,-0.48013104,20.88347932,5.261947989
315,-0.101,0.04451442,0.3,-7.272,3.205038256,21.6,4.36904383
316,-0.150996599,0.09,0.297826047,-10.87175515,6.48,21.44347542,4.869097611
317,-0.193850343,0.147369767,0.294,-13.95722471,10.61062324,21.168,5.163144143
318,-0.157825291,0.148071216,0.280990135,-11.36342092,10.66112756,20.23128975,2.758223145
319,-0.171,0.121720139,0.275939973,-12.312,8.76385004,19.86767807,2.152133294
320,-0.184454923,0.106056896,0.329668045,-13.28075444,7.636096541,23.73609925,4.144272625
321,-0.153704619,0.100529634,0.359463635,-11.06673255,7.238133659,25.88138174,3.10845691
322,-0.1,0.0756,0.308557372,-7.2,5.4432,22.21613076,5.622052315
323,-0.073125441,0.049726497,0.275965548,-5.265031765,3.580307753,19.86951946,3.56665869
324,-0.082570063,0.056711243,0.293633709,-5.945044525,4.083209521,21.14162705,1.527607698
325,-0.113164284,0.01418963,0.277029189,-8.147828447,1.021653348,19.94610158,3.956597576
326,-0.114749267,-0.013199444,0.269922222,-8.261947205,-0.950359995,19.43439995,2.040514216
327,-0.155,-0.066885681,0.294642118,-11.16,-4.815769013,21.21423247,5.148582395
328,-0.191759116,-0.028341395,0.341899253,-13.80665633,-2.040580416,24.61674621,5.126749581
329,-0.15993377,-0.021644447,0.3026211,-11.51523145,-1.558400217,21.7887192,3.671629413
330,-0.139371045,-0.021644447,0.280954713,-10.03471527,-1.558400217,20.22873935,2.150689489
331,-0.118808321,-0.021644447,0.28837887,-8.55419909,-1.558400217,20.76327862,1.574058575
332,-0.075545397,-0.027489235,0.292255564,-5.439268605,-1.979224898,21.04240058,3.155597313
333,-0.085437689,-0.042571668,0.260244903,-6.151513614,-3.065160112,18.73763303,2.645468142
334,-0.081598215,-0.061813449,0.284468998,-5.875071482,-4.450568296,20.48176782,2.244500451
335,-0.000733903,-0.06143471,0.299714208,-0.052841042,-4.423299119,21.57942299,5.924859304
336,-0.066536511,-0.092299921,0.313921735,-4.790628798,-6.645594338,22.60236491,5.332132692
337,-0.126195736,-0.137561954,0.299827801,-9.086092973,-9.904460673,21.58760165,5.486434795
338,-0.130307446,-0.179784058,0.309098883,-9.382136135,-12.94445214,22.25511957,3.126462834
339,-0.072642725,-0.159312182,0.299008365,-5.230276229,-11.47047708,21.52860226,4.465240256
340,-0.051019555,-0.209604054,0.300975938,-3.673407954,-15.09149186,21.67026754,3.944065905
341,-0.010989207,-0.20590874,0.330590804,-0.791222937,-14.82542927,23.80253789,3.595046126
342,0.019865067,-0.211634892,0.321303627,1.430284848,-15.23771222,23.13386114,2.356311243
343,0.054406088,-0.164502061,0.29995284,3.917238348,-11.84414841,21.5966045,4.479327074
344,0.092035897,-0.177779824,0.297872661,6.626584607,-12.80014731,21.44683158,2.876964196
345,0.056377886,-0.130223909,0.300968012,4.059207782,-9.376121435,21.66969684,4.28544582
346,0.046843464,-0.116475103,0.320345088,3.372729398,-8.386207398,23.06484636,1.843264646
347,-0.003085862,-0.081258884,0.299671146,-0.222182039,-5.850639666,21.57632251,4.644157107
348,-0.005391423,-0.064581753,0.293555343,-0.388182431,-4.649886246,21.13598467,1.289675277
349,-0.004151355,-0.039148121,0.276001933,-0.29889753,-2.818664722,19.87213916,2.226802534
350,0.011124826,-0.01546398,0.34,0.800987482,-1.11340659,24.48,5.034881711
351,0.017298207,-0.03734419,0.351918771,1.245470888,-2.688781708,25.3381515,1.84818729
352,-0.039480851,-0.039480851,0.374549955,-2.842621299,-2.842621299,26.96759677,4.403550413
353,-0.011377844,-0.058166198,0.397821164,-0.81920475,-4.187966249,28.64312384,2.951534942
354,0.002986459,-0.1402308,0.393999594,0.215025024,-10.09661761,28.36797076,6.004789872
355,0.052639185,-0.159066611,0.424644106,3.790021301,-11.45279602,30.57437565,4.414526112
356,0.072581402,-0.132516803,0.371643418,5.225860971,-9.541209818,26.75832611,4.503113528
357,0.055854507,-0.11,0.38309531,4.021524512,-7.92,27.58286229,2.181423272
358,0.134358987,-0.100872008,0.373904485,9.673847062,-7.262784544,26.92112294,5.728750416
359,0.139982937,-0.065605042,0.380959755,10.07877145,-4.72356299,27.42910235,2.621002276
360,0.171795814,-0.033989759,0.429619323,12.36929862,-2.447262679,30.93259129,4.764713274
361,0.164020319,-0.022816661,0.420840218,11.80946298,-1.642799577,30.30049572,1.166242522
362,0.132895888,0.016467392,0.394219916,9.568503928,1.185652225,28.38383394,4.08602857
363,0.091,-0.009852522,0.389599547,6.552,-0.709381618,28.05116737,3.577864763
364,0.06521897,-0.029182205,0.366427958,4.69576587,-2.101118771,26.38281295,2.857611577
365,0.027985479,-0.010035242,0.367722253,2.014954523,-0.722537412,26.4760022,3.015944343
366,0.050119051,0.029731638,0.336308436,3.608571668,2.140677906,24.21420737,3.981624467
367,0.017831207,0.061478494,0.367536731,1.283846903,4.426451557,26.4626446,3.96037579
368,0.03745182,0.1,0.356264877,2.696531032,7.2,25.65107115,3.216659584
369,0.090088215,0.059297189,0.390982673,6.486351456,4.269397579,28.15075248,5.403663214
370,0.081178093,0.128026312,0.415676872,5.844822683,9.217894434,29.92873478,5.297206941
371,0.1421107,0.13044239,0.384378735,10.23197042,9.39185207,27.67526892,4.935122588
372,0.120284939,0.137122347,0.402775819,8.660515586,9.872808969,28.99985896,2.110764938
373,0.068910295,0.144320234,0.374897859,4.961541209,10.39105686,26.99264587,4.240270829
374,0.040571156,0.168037181,0.362652408,2.921123209,12.098677,26.11097335,2.802966037
375,-0.003027415,0.188995307,0.374188349,-0.217973855,13.60766212,26.94156115,3.580620416
376,-0.050017384,0.191024633,0.400563203,-3.601251623,13.75377359,28.84055064,3.88253501
377,-0.060771263,0.209428139,0.372842057,-4.375530966,15.07882599,26.8446281,2.517732935
378,-0.041974178,0.144,0.389721384,-3.022140817,10.368,28.05993964,5.049804801
379,-0.044745675,0.118353511,0.402217526,-3.221688599,8.521452778,28.95966187,2.063748058
380,-0.048937069,0.110183293,0.391393012,-3.523468942,7.933197121,28.18029684,1.022020521
381,-0.005291879,0.063812982,0.36885178,-0.381015322,4.594534688,26.55732818,4.863713484
382,-0.067379345,0.065131058,0.319813576,-4.851312875,4.689436194,23.02657745,5.697259627
383,-0.083715602,0.042989011,0.341642035,-6.02752331,3.095208767,24.59822654,2.528856054
384,-0.089643038,0.046552108,0.344176655,-6.454298709,3.351751798,24.78071918,0.530334922
385,-0.14240449,0.072125815,0.357999982,-10.25312329,5.193058684,25.77599869,4.337287234
386,-0.169114362,0.059455444,0.380670992,-12.17623406,4.280791936,27.40831146,2.682355428
387,-0.192215454,0.11126591,0.410714758,-13.83951271,8.011145518,29.57146258,4.621823935
388,-0.197871091,0.106055537,0.397688792,-14.24671858,7.635998685,28.63359304,1.089105615
389,-0.152250649,0.055965035,0.351946844,-10.96204671,4.029482535,25.34017276,5.885800298
390,-0.18829518,0.041221188,0.352209025,-13.55725299,2.967925557,25.3590498,2.803989159
391,-0.163930961,-0.014479689,0.346171267,-11.80302918,-1.042537592,24.9243312,4.398874411
392,-0.156266457,-0.042647059,0.361513605,-11.25118487,-3.070588235,26.02897958,2.374398787
393,-0.129752305,-0.081499246,0.375116537,-9.342165951,-5.867945719,27.00839067,3.525451491
394,-0.172787143,-0.117905615,0.392406615,-12.44067433,-8.489204304,28.25327625,4.245172651
395,-0.119123856,-0.082214189,0.364668205,-8.576917604,-5.919421606,26.25611076,5.051838196
396,-0.095396551,-0.058176845,0.358757476,-6.868551655,-4.188732807,25.83053829,2.468787124
397,-0.068881367,-0.050219691,0.358012511,-4.95945844,-3.615817754,25.7769008,1.993927165
398,-0.055515074,-0.000418855,0.359745159,-3.99708536,-0.03015753,25.90165142,3.71465798
399,-0.029648125,0.002340403,0.374126784,-2.134664986,0.168509014,26.93712841,2.140161361
400,-0.028543306,0.007448735,0.43232236,-2.055118038,0.536308935,31.12720992,4.20694515
401,-0.063301068,-0.044795433,0.432090652,-4.557676883,-3.225271197,31.11052695,4.51802658
402,-0.088520656,-0.055534537,0.441085783,-6.373487229,-3.9984867,31.75817637,2.077132445
403,-0.106810052,-0.082253036,0.441470693,-7.690323722,-5.922218581,31.78588991,2.33143105
404,-0.122144829,-0.0841989,0.438825166,-8.794427701,-6.062320764,31.59541195,1.129139526
405,-0.094660566,-0.157727761,0.46035357,-6.815560753,-11.35639878,33.14545706,5.860530375
406,-0.056763495,-0.107883712,0.453204843,-4.086971673,-7.767627299,32.6307487,4.537554826
407,-0.023560682,-0.133596701,0.440298981,-1.69636909,-9.618962439,31.70152664,3.163206625
408,-0.006882995,-0.121332158,0.465485936,-0.49557562,-8.73591534,33.51498739,2.347406445
409,0.023706307,-0.127382797,0.49500871,1.706854137,-9.171561402,35.64062715,3.091735553
410,0.053693276,-0.159821433,0.470460212,3.865915838,-11.50714319,33.8731353,3.638752145
411,0.042484459,-0.143943544,0.423008629,3.058881049,-10.3639352,30.45662126,3.691991036
412,0.05274597,-0.080848864,0.463142456,3.797709853,-5.821118213,33.34625681,5.434431685
413,-0.006934128,-0.066410247,0.473869071,-0.499257241,-4.781537797,34.11857313,4.487886601
414,-0.032463453,-0.044728824,0.466705405,-2.337368608,-3.220475364,33.60278915,2.466090515
415,-0.008130215,-0.010148942,0.422371494,-0.585375476,-0.73072384,30.41074756,4.41106247
416,0.019919246,-0.013648215,0.423667793,1.434185688,-0.982671513,30.50408113,2.037355168
417,0.038339021,0.046341499,0.444166514,2.760409543,3.336587906,31.97998898,4.753227919
418,0.07,0.040981452,0.454358855,5.04,2.950664553,32.71383753,2.42569643
419,0.105789259,-0.00318954,0.436556234,7.616826642,-0.22964686,31.43204883,4.289218867
420,0.146867806,-0.033392909,0.458994669,10.57448203,-2.404289465,33.0476162,4.010842025
421,0.171851929,-0.005537012,0.473540363,12.37333889,-0.398664875,34.09490616,2.890541862
422,0.182166553,0.022956619,0.449289219,13.11599178,1.652876579,32.34882373,2.79448734
423,0.142333822,0.06369626,0.491736054,10.24803517,4.58613073,35.40499586,5.115598019
424,0.159244032,0.086365655,0.470678093,11.46557031,6.218327184,33.88882269,2.538747357
425,0.14,0.108336026,0.446903856,10.08,7.8001939,32.17707767,2.71149007
426,0.1211232,0.15381701,0.443419944,8.72087041,11.0748247,31.92623598,3.554344056
427,0.074623219,0.11,0.439578498,5.372871748,7.92,31.64965183,4.60852609
428,0.050368603,0.066796222,0.445454061,3.626539381,4.809327948,32.07269237,3.592341945
429,0.059689414,0.077786619,0.431606281,4.297637773,5.600636589,31.07565224,1.43896888
430,0.008803413,0.031388393,0.448421059,0.633845713,2.259964313,32.28631628,5.103838844
431,0.004622435,0.039571594,0.434518778,0.332815331,2.849154781,31.28535203,1.199872552
432,-0.041998191,0.059331785,0.42477585,-3.023869784,4.271888542,30.58386121,3.71262652
433,-0.05245197,0.111803105,0.432117,-3.776541842,8.049823556,31.11242403,3.888275561
434,-0.038304575,0.123057441,0.458013265,-2.757929435,8.860135772,32.97695507,2.273907014
435,-0.049878302,0.183182431,0.454974546,-3.591237739,13.189135,32.75816729,4.413899086
436,-0.078116451,0.176064699,0.438334088,-5.624384501,12.67665829,31.56005434,2.414910507
437,-0.101873453,0.181820124,0.406180008,-7.334888582,13.09104895,29.24496057,2.908127063
438,-0.147985048,0.166317084,0.395471673,-10.65492344,11.97483003,28.47396047,3.586504885
439,-0.134098286,0.120063302,0.428877883,-9.655076557,8.644557711,30.8792076,4.227957106
440,-0.151803322,0.133098621,0.463484075,-10.92983919,9.583100737,33.37085339,2.951979258
441,-0.216463181,0.113350873,0.419218871,-15.58534901,8.161262892,30.18375868,5.818330282
442,-0.202563523,0.08119633,0.403292348,-14.58457364,5.846135787,29.03704906,2.770615061
443,-0.215267701,0.031667428,0.435063912,-15.49927447,2.280054786,31.32460166,4.334340575
444,-0.164820989,0.051844426,0.424386899,-11.86711118,3.732798638,30.55585674,3.986733456
445,-0.128,-0.000220856,0.446907955,-9.216,-0.015901614,32.17737273,4.869338577
446,-0.111,0.030327033,0.434352792,-7.992,2.183546366,31.27340101,2.674492904
447,-0.084324865,0.015500255,0.432530545,-6.071390304,1.116018356,31.14219924,2.201265899
448,-0.079719897,0.048965533,0.422868278,-5.739832559,3.525518408,30.44651601,2.529742318
449,-0.025240998,0.002395726,0.430649817,-1.817351871,0.172492255,31.00678679,5.190620625
450,-0.046604549,-0.049418766,0.476443588,-3.355527551,-3.558151147,34.30393834,5.211035692
451,-0.044779549,0.014535892,0.521020574,-3.224127505,1.046584254,37.51348131,5.614447446
452,-0.107100438,-0.01,0.498729334,-7.711231502,-0.72,35.90851207,5.082405777
453,-0.093530656,-0.022447269,0.547308177,-6.734207214,-1.616203354,39.40618878,3.740521258
454,-0.11,-0.025,0.5106294,-7.92,-1.8,36.76531676,2.900705211
455,-0.138259994,-0.082026323,0.507073456,-9.954719568,-5.905895261,36.50928884,4.589554435
456,-0.140475029,-0.056675877,0.540455444,-10.11420206,-4.080663129,38.91279199,3.022206875
457,-0.17426923,-0.002287733,0.519613957,-12.54738456,-0.16471678,37.41220493,4.848378534
458,-0.187044185,-0.05141188,0.510367002,-13.46718129,-3.701655366,36.74642416,3.71473076
459,-0.142987998,-0.076221709,0.4920112,-10.29513583,-5.487963048,35.42480638,3.87291119
460,-0.137199341,-0.083561876,0.498298055,-9.878352548,-6.016455083,35.87745999,0.811114927
461,-0.10075428,-0.076525087,0.511419368,-7.254308147,-5.509806256,36.82219448,2.834576745
462,-0.109330868,-0.104805635,0.514670472,-7.871822509,-7.546005754,37.05627399,2.140613369
463,-0.05537973,-0.112967019,0.504639231,-3.987340567,-8.133625353,36.33402463,3.994513848
464,-0.04515479,-0.136047658,0.512026625,-3.251144914,-9.795431397,36.86591697,1.8938038
465,-0.002135667,-0.129494571,0.536958793,-0.153768024,-9.323609141,38.66103311,3.610928105
466,-0.082654987,-0.116456922,0.536969198,-5.951159081,-8.384898388,38.66178229,5.872897199
467,-0.060074167,-0.060074167,0.553461636,-4.325340051,-4.325340051,39.84923778,4.531374181
468,-0.0347227,-0.050913496,0.519715836,-2.500034434,-3.66577174,37.41954022,3.10969471
469,-0.007499395,7.98E-05,0.510691866,-0.539956434,0.005743953,36.76981439,4.212371887
470,-0.000587981,-0.055125534,0.502434947,-0.042334664,-3.969038444,36.17531615,4.049685256
471,0.019778628,-0.012261538,0.51982678,1.424061189,-0.882830711,37.42752813,3.639097389
472,0.0723728,-0.036657995,0.552311722,5.210841569,-2.63937567,39.76644395,4.784943371
473,0.043778249,-0.066812986,0.513726277,3.152033895,-4.81053502,36.98829193,4.082983055
474,0.0672064,-0.088252919,0.507864272,4.838860803,-6.354210174,36.56622757,2.325178771
475,0.103034005,-0.117550704,0.553699547,7.41844835,-8.463650656,39.86636737,4.689875662
476,0.077529302,-0.0708937,0.576582743,5.582109764,-5.10434643,41.51395753,4.167927257
477,0.057174689,-0.030579432,0.537952307,4.116577593,-2.201719115,38.73256612,4.278921365
478,0.081497215,-0.035292681,0.505739375,5.867799453,-2.541073065,36.413235,2.925958976
479,0.136323826,-0.008372313,0.494785723,9.815315457,-0.60280654,35.62457209,4.467857307
480,0.130317541,0.018571136,0.509502893,9.382862964,1.337121809,36.68420831,2.25236899
481,0.115108064,0.053725937,0.507494471,8.287780624,3.868267491,36.53960192,2.761668844
482,0.104766519,0.055956977,0.565697977,7.543189396,4.028902349,40.73025436,4.259317734
483,0.064404582,0.097407601,0.52689572,4.637129892,7.01334724,37.93649185,5.015695578
484,0.079958132,0.065230063,0.519215071,5.756985486,4.696564516,37.38348508,2.631990735
485,0.017236326,0.047711013,0.489701914,1.241015493,3.435192959,35.25853781,5.147858201
486,0.009306096,0.047429231,0.481210276,0.67003892,3.414904665,34.64713988,0.836799434
487,-0.003984398,0.042766849,0.498346008,-0.286876633,3.079213139,35.88091257,1.597050789
488,0.032493913,0.066,0.52384369,2.33956176,4.752,37.71674568,3.614785984
489,-0.028369079,0.107388952,0.553894662,-2.042573702,7.732004528,39.88041566,5.724072501
490,0.030786166,0.170688013,0.534145722,2.216603987,12.28953691,38.45849199,6.397934268
491,-0.019931082,0.184615517,0.516570476,-1.43503787,13.2923172,37.19307425,3.992660595
492,-0.052854438,0.163390359,0.504296277,-3.805519517,11.76410586,36.30933196,2.955607142
493,-0.103465914,0.165072405,0.5159219,-7.4495458,11.88521318,37.14637679,3.740887407
494,-0.091449636,0.155,0.553533925,-6.584373762,11.16,39.85444257,2.933952465
495,-0.161179415,0.146560397,0.520113317,-11.60491789,10.55234858,37.44815882,5.600473645
496,-0.157185064,0.131869208,0.494097216,-11.3173246,9.494582974,35.57499959,2.170323366
497,-0.085428604,0.073057849,0.511674705,-6.150859458,5.260165125,36.84057873,6.798848955
498,-0.079811953,0.072032454,0.522750362,-5.746460639,5.18633666,37.63802606,0.897168484
499,-0.062342999,0.065993362,0.513654849,-4.488695955,4.751522076,36.98314913,1.483205822
500,-0.022515258,-0.021255591,0.510699768,-1.621098605,-1.530402565,36.7703833,6.908759733
501,-0.075933389,0.008431506,0.553114771,-5.467203984,0.607068404,39.82426349,5.35607066
502,-0.043371332,0.044739513,0.577804117,-3.122735888,3.221244919,41.60189646,3.935788165
503,-0.104135992,0.014868486,0.574962121,-7.497791451,1.07053099,41.39727268,4.879400832
504,-0.03900925,-0.03900925,0.603186806,-2.808665976,-2.808665976,43.42945003,6.416058884
505,-0.132029317,-0.029322585,0.612945155,-9.506110817,-2.111226117,44.13205117,6.770216993
506,-0.136,0.000785399,0.618145918,-9.792,0.05654873,44.50650611,2.218377089
507,-0.166138023,0.024370266,0.604859069,-11.96193768,1.754659184,43.549853,2.916743705
508,-0.163181084,0.024370266,0.625160452,-11.74903807,1.754659184,45.01155253,1.477122802
509,-0.171126321,0.030788166,0.579739645,-12.32109511,2.216747983,41.74125445,3.351958368
510,-0.143070972,0.027457868,0.567024353,-10.30111001,1.976966516,40.82575339,2.230689839
511,-0.12319198,-0.005753894,0.556508668,-8.869822567,-0.414280354,40.06862413,2.887886781
512,-0.159741808,-0.009803316,0.542332386,-11.50141016,-0.705838721,39.04793182,2.837617368
513,-0.146074848,-0.078276992,0.567402028,-10.51738909,-5.635943426,40.85294601,5.341564012
514,-0.143057095,-0.096882296,0.568209693,-10.30011084,-6.975525307,40.91109792,1.358333942
515,-0.102442104,-0.101538648,0.579952955,-7.375831463,-7.310782676,41.75661274,3.062466769
516,-0.076232242,-0.069006325,0.588158109,-5.488721421,-4.968455371,42.34738382,3.065402415
517,-0.089742024,-0.033681471,0.626151881,-6.461425733,-2.425065941,45.08293546,3.859822051
518,-0.063740541,-0.021421016,0.5995356,-4.589318959,-1.54231318,43.16656321,2.820730192
519,-0.064145878,0.001720364,0.575961197,-4.618503205,0.123866241,41.46920619,2.378660637
520,0.005241057,0.018979595,0.575478669,0.377356121,1.366530843,41.43446419,5.148206749
521,0.023756831,-0.023689595,0.56869621,1.71049181,-1.705650829,40.94612709,3.384379428
522,-0.020014201,-0.027465589,0.594495282,-1.4410225,-1.977522423,42.80366029,3.668294727
523,0.044543916,-0.09246728,0.61330487,3.207161926,-6.657644169,44.15795064,6.733740444
524,-0.002360363,-0.109205522,0.584006935,-0.169946141,-7.862797585,42.04849934,4.160172885
525,0.026568521,-0.137804657,0.580419764,1.912933507,-9.921935277,41.79022298,2.940262291
526,0.056535217,-0.077064861,0.581437869,4.070535643,-5.548669967,41.8635266,4.877096458
527,0.078176491,-0.073454351,0.578905461,5.628707363,-5.288713264,41.6811932,1.590195605
528,0.118019672,-0.061546785,0.58750136,8.49741637,-4.431368528,42.30009789,3.057380314
529,0.123179249,-0.027376627,0.599658815,8.868905953,-1.971117151,43.17543468,2.637623142
530,0.027629174,-0.012351985,0.6048394,1.989300527,-0.889342903,43.54843682,6.974119079
531,0.114401626,-0.00293111,0.592524347,8.236917081,-0.211039937,42.66175301,6.346575114
532,0.109461045,0.01866741,0.560883271,7.88119524,1.344053509,40.38359551,2.781160778
533,0.123282913,0.074127983,0.604331329,8.876369756,5.337214775,43.51185569,5.169305655
534,0.046733037,0.043231358,0.626677365,3.364778678,3.112657803,45.12077026,6.157507292
535,0.079757643,0.025214475,0.568492284,5.742550302,1.815442216,40.93144446,4.988688895
536,0.024787365,0.003393988,0.580542298,1.784690286,0.244367166,41.79904543,4.345763932
537,0.017041146,0.052230318,0.559202798,1.22696254,3.760582882,40.26260149,3.877562787
538,0.015238029,0.044716955,0.577501368,1.097138102,3.219620756,41.5800985,1.430137325
539,0.058347063,0.110418037,0.620414947,4.200988556,7.95009869,44.6698762,6.446552211
540,0.095894104,0.070243529,0.569261362,6.904375508,5.057534059,40.98681805,5.407416069
541,0.081742557,0.157279468,0.592648936,5.885464093,11.32412167,42.6707234,6.568396911
542,0.050869008,0.12917909,0.565606365,3.662568549,9.3008945,40.72365828,3.581309168
543,0.0132769,0.159630268,0.545545627,0.955936818,11.49337927,39.27928512,3.770816709
544,0.000428262,0.161469266,0.537512919,0.030834872,11.62578715,38.7009302,1.099017681
545,-0.04796551,0.13133983,0.578101548,-3.453516756,9.456467786,41.62331142,5.038547881
546,-0.055329112,0.145,0.59141518,-3.983696056,10.44,42.58189296,1.472176715
547,-0.066576176,0.161525279,0.616502598,-4.793484679,11.62982007,44.38818703,2.309573048
548,-0.092838587,0.149203928,0.566713423,-6.684378253,10.74268278,40.80336646,4.148907033
549,-0.068205494,0.125,0.604097428,-4.910795549,9,43.49501482,3.664356664
550,-0.041514079,0.093924899,0.591037162,-2.989013652,6.762592744,42.55467567,3.095718754
551,0.028877476,0.053987855,0.570441487,2.07917825,3.887125529,41.07178709,6.012806285
552,0.001041283,0.0453664,0.588667544,0.074972361,3.266380797,42.38406319,2.474718942
553,-0.042816688,0.063113504,0.65613557,-3.082801532,4.544172291,47.24176106,5.933086519
554,-0.072117214,0.058205435,0.670586336,-5.192439414,4.190791326,48.28221618,2.37865444
555,-0.052024321,0.046764914,0.651979443,-3.745751117,3.367073835,46.94251992,2.136867705
556,-0.105190548,0.09,0.684391377,-7.573719482,6.48,49.27617911,5.457986473
557,-0.140329918,0.127305804,0.643321909,-10.10375407,9.166017896,46.31917748,4.728596602
558,-0.130052505,0.084802804,0.63423463,-9.363780356,6.105801906,45.66489334,3.215675781
559,-0.155699996,0.048642229,0.652036845,-11.2103997,3.50224047,46.94665282,3.439686397
560,-0.165088391,0.034767749,0.66,-11.88636412,2.503277963,47.52,1.335507761
561,-0.082953597,-0.003470962,0.656834045,-5.972658976,-0.249909266,47.29205122,6.527167008
562,-0.11623626,-0.023175291,0.643907201,-8.369010731,-1.668620946,46.36131848,2.936240452
563,-0.041832488,0.022496673,0.680247607,-3.011939115,1.619760456,48.9778277,6.808655448
564,-0.084104608,0.021862753,0.644460102,-6.05553178,1.574118205,46.40112737,3.988097802
565,-0.047628267,0.043891701,0.646338642,-3.42923524,3.160202442,46.53638224,3.071056919
566,-0.062684237,0.005229187,0.631347545,-4.513265053,0.376501484,45.45702325,3.176338693
567,-0.013335711,-0.027954074,0.687132953,-0.960171169,-2.01269335,49.47357262,5.870723714
568,-0.011612699,-0.066729865,0.678409713,-0.836114293,-4.804550252,48.84549935,2.864320356
569,-0.075272984,-0.111738317,0.674857454,-5.419654883,-8.045158822,48.58973671,5.61923507
570,-0.075743588,-0.119903276,0.652881254,-5.453538331,-8.633035865,47.00745027,1.688306225
571,-0.037100708,-0.098126086,0.635934997,-2.671250942,-7.065078207,45.78731978,3.418820371
572,-0.002573897,-0.096481832,0.632817037,-0.185320608,-6.946691889,45.56282667,2.498852158
573,0.035817144,-0.08666848,0.640213379,2.578834379,-6.240130548,46.09536327,2.902305456
574,0.082002497,-0.065479798,0.658379479,5.904179749,-4.714545432,47.40332252,3.8853686
575,0.056255293,-0.028136283,0.679268522,4.050381123,-2.025812372,48.90733359,3.595539476
576,0.009761516,-0.004492488,0.658971023,0.702829186,-0.323459132,47.44591367,4.029870805
577,0.015691831,0.038798696,0.637863898,1.129811842,2.793506091,45.92620067,3.493896678
578,0.031781896,0.043903903,0.646427939,2.288296498,3.161081049,46.54281163,1.362867247
579,0.04787196,0.049009111,0.654991981,3.446781154,3.528656008,47.1594226,1.362867247
580,0.096327025,0.041228773,0.653308634,6.935545801,2.96847166,47.03822164,3.535530362
581,0.096352888,0.098775294,0.649087668,6.937407954,7.111821136,46.7343121,4.154480636
582,0.086170885,0.12144641,0.670256188,6.204303742,8.744141527,48.25844556,2.350509403
583,0.039634331,0.147730049,0.665246468,2.853671843,10.63656353,47.89774568,3.864983776
584,-0.000608301,0.149734453,0.672879848,-0.043797657,10.78088062,48.44734908,2.952663343
585,0.022061682,0.068896124,0.657494647,1.588441137,4.960520964,47.33961457,6.145556583
586,-0.019891113,0.049717735,0.643574823,-1.432160156,3.579676897,46.33738724,3.469181766
587,0.006389565,0.042404788,0.686890408,0.460048697,3.053144708,49.45610941,3.685663914
588,-0.001328776,0.06047363,0.725523554,-0.095671843,4.35410139,52.23769586,3.120662875
589,-0.030497991,0.07566377,0.742556258,-2.195855358,5.447791444,53.46405061,2.66662234
590,-0.011813764,0.09085391,0.763969445,-0.850591015,6.541481499,55.00580005,2.320104618
591,0.018122601,0.132707959,0.758795746,1.304827304,9.554973074,54.6332937,3.723670311
592,-0.035853012,0.130484554,0.711889691,-2.581416898,9.394887883,51.25605778,5.151140044
593,-0.07040771,0.114264189,0.70915631,-5.069355136,8.227021596,51.0592543,2.755445508
594,-0.04,0.096876407,0.749072041,-2.88,6.97510128,53.93318699,3.823619947
595,-0.0180427,0.05911932,0.761482211,-1.299074423,4.256591016,54.82671916,3.269254268
596,-0.041493454,0.057060294,0.710118484,-2.987528692,4.108341189,51.12853083,4.068101856
597,-0.032217726,0.073021503,0.769500328,-2.319676278,5.25754824,55.40402358,4.477336478
598,-0.055551567,0.021922324,0.76282105,-3.999712796,1.578407339,54.92311557,4.073066779
599,-0.102311794,0.011244376,0.70506419,-7.366449135,0.809595045,50.7646217,5.405465487
600,-0.039587228,-0.034004545,0.709201903,-2.850280406,-2.448327273,51.06253699,5.576611098
601,-0.036398514,0.006741716,0.71660562,-2.620693003,0.485403582,51.59560463,2.990593287
602,-0.017509655,0.019816905,0.728902441,-1.260695141,1.426817174,52.48097578,1.876095896
603,-0.012184752,-0.061022499,0.744836815,-0.87730214,-4.393619903,53.62825067,5.944805938
604,-0.000131737,-0.072746526,0.708503112,-0.009485033,-5.237749851,51.01222409,2.882578187
605,0.056265863,-0.049016101,0.701267137,4.05114214,-3.529159274,50.49123387,4.436147609
606,0.06349289,-0.021016198,0.735393448,4.571488072,-1.513166254,52.94832828,3.220605643
607,0.074969148,0.003066999,0.755072335,5.397778685,0.22082393,54.36520813,2.386844496
608,0.083657082,0.010997949,0.723083034,6.02330989,0.791852334,52.06197848,2.454023134
609,0.106530287,0.017488991,0.717163507,7.670180632,1.259207351,51.63577249,1.764158583
610,0.102147251,0.037391291,0.754168038,7.35460206,2.692172921,54.30009875,3.041646685
611,0.041551326,0.053679576,0.757966072,2.991695437,3.864929462,54.57355722,4.526045917
612,0.023538986,0.056822024,0.753996253,1.694806959,4.091185693,54.28773025,1.347148345
613,-0.011686564,0.015183278,0.760266959,-0.841432612,1.093196039,54.73922104,3.952758159
614,-0.01695655,0.02318616,0.7196612,-1.220871574,1.669403532,51.81560636,3.003916076
615,-0.014770469,0.038288811,0.749860196,-1.063473777,2.756794418,53.98993411,2.436163821
616,-0.007092352,0.068154387,0.767792028,-0.51064938,4.907115848,55.28102602,2.568348765
617,0.016667573,0.031446866,0.79774321,1.200065252,2.264174387,57.43751112,3.816033557
618,0.034850355,0.048876263,0.779729033,2.509225576,3.519090963,56.14049041,2.229569259
619,0.04517978,0.084763123,0.837297147,3.252944195,6.102944854,60.28539457,4.940612194
620,-0.002176536,0.083554358,0.79621422,-0.156710588,6.0159138,57.32742382,4.514743751
621,-0.001627188,0.123400299,0.822135494,-0.11715753,8.884821524,59.19375556,3.422775212
622,-0.030623627,0.108064476,0.78321184,-2.204901154,7.780642272,56.39125251,3.664956837
623,-0.044060228,0.125922226,0.820560402,-3.172336444,9.066400277,59.08034891,3.133742832
624,-0.06240735,0.110387587,0.784538141,-4.493329203,7.94790626,56.48674612,3.118144665
625,-0.077,0.088,0.789618238,-5.544,6.336,56.85251314,1.958554676
626,-0.111720562,0.068,0.821927374,-8.043880434,4.896,59.17877092,3.706005592
627,-0.147341417,0.0525,0.817935013,-10.60858205,3.78,58.89132092,2.811721515
628,-0.1,0.032557229,0.793758652,-7.2,2.344120479,57.15062293,4.087812503
629,-0.087351751,-0.021513921,0.811445304,-6.289326055,-1.549002295,58.42406187,4.196114713
630,-0.044616843,-0.048681447,0.801181574,-3.212412668,-3.50506415,57.68507332,3.720171776
631,-0.033414227,-0.001877403,0.769578086,-2.405824319,-0.135173019,55.40962223,4.145410558
632,-0.009002939,-0.034908431,0.818458931,-0.648211629,-2.513407031,58.92904304,4.596903548
633,0.014775559,-0.013255451,0.821544191,1.063840273,-0.954392489,59.15118176,2.326154265
634,0.016003797,0.016068553,0.848943397,1.152273372,1.156935822,61.12392457,2.890889454
635,0.040878222,0.024975021,0.83605484,2.943231968,1.798201522,60.19594848,2.11657601
636,0.000883927,0.047139544,0.840557192,0.063642758,3.394047164,60.52011784,3.308147987
637,-0.017297069,0.110474024,0.881042017,-1.245388938,7.954129754,63.43502525,5.568177658
638,-0.002939231,0.065376704,0.914852965,-0.211624636,4.707122683,65.86941345,4.187835895
639,-0.026991334,0.108038795,0.881669798,-1.943376048,7.778793209,63.48022549,4.259382809
640,-0.060381922,0.067827077,0.845855677,-4.34749835,4.883549573,60.90160874,4.561962744
641,-0.095403321,0.044094188,0.856558683,-6.869039123,3.174781543,61.67222518,3.141958903
642,-0.084440941,0.006477581,0.869178525,-6.079747743,0.466385842,62.58085383,2.963780384
643,-0.058893307,0.009736022,0.940347805,-4.240318132,0.700993616,67.70504197,5.449389525
644,-0.02047369,-0.014167658,0.897846704,-1.474105667,-1.020071359,64.64496269,4.469684691
645,0.003105012,0.018357321,0.916070474,0.223560872,1.321727148,65.95707414,3.176118445
646,0.01186852,0.040221586,0.934936139,0.854533418,2.895954197,67.31540203,2.172871787
647,-0.03,0.049298903,0.971894993,-2.16,3.54952103,69.97643948,4.073779775
648,-0.068396133,0.075592321,0.983337118,-4.924521591,5.442647114,70.80027247,3.450392268
649,-0.070512694,0.020420322,1.010470141,-5.076913939,1.470263218,72.75385018,4.429393084
